identity_id,ref
cmm-kyra,cmm_klevel_protocol:05
cmm-aegis,cmm_klevel_protocol:04
cmm-steele,cmm_klevel_protocol:04
cmm-krayne,cmm_klevel_protocol:04
cmm-selene,cmm_klevel_protocol:04
cmm-mara,cmm_klevel_protocol:04
cmm-voss,cmm_klevel_protocol:03
cmm-liam,cmm_klevel_protocol:03
cmm-priya,cmm_klevel_protocol:03
cmm-ryo,cmm_klevel_protocol:03
cmm-sofia,cmm_klevel_protocol:03
cmm-elias,cmm_klevel_protocol:03
cmm-darius,cmm_klevel_protocol:02
cmm-kaori,cmm_klevel_protocol:02
cmm-rhea,cmm_klevel_protocol:02
cmm-hana,cmm_klevel_protocol:02
cmm-s21,cmm_klevel_protocol:01
cmm-s39,cmm_klevel_protocol:01
cmm-s07,cmm_klevel_protocol:01
cmm-s11,cmm_klevel_protocol:01
cmm-s17,cmm_klevel_protocol:01
cmm-s23,cmm_klevel_protocol:01
cmm-s27,cmm_klevel_protocol:01
cmm-s31,cmm_klevel_protocol:01
cmm-s33,cmm_klevel_protocol:01
cmm-s41,cmm_klevel_protocol:01
cmm-s44,cmm_klevel_protocol:01
cmm-s52,cmm_klevel_protocol:01
cmm-s58,cmm_klevel_protocol:01
cmm-s63,cmm_klevel_protocol:01
