identity_id,epoch_range
cmm-kyra,2022-2025
cmm-aegis,2023-2025
cmm-steele,2023-2025
cmm-krayne,2023-2025
cmm-selene,2023-2025
cmm-mara,2024-2025
cmm-voss,2023-2025
cmm-liam,2022-2025
cmm-priya,2022-2025
cmm-ryo,2022-2025
cmm-sofia,2022-2025
cmm-elias,2022-2025
cmm-darius,2023-2025
cmm-kaori,2023-2025
cmm-rhea,2023-2025
cmm-hana,2022-2025
cmm-s21,2022-2025
cmm-s39,2022-2025
cmm-s07,2022-2025
cmm-s11,2022-2025
cmm-s17,2022-2025
cmm-s23,2022-2025
cmm-s27,2022-2025
cmm-s31,2022-2025
cmm-s33,2022-2025
cmm-s41,2022-2025
cmm-s44,2022-2025
cmm-s52,2022-2025
cmm-s58,2022-2025
cmm-s63,2022-2025
